{"cameraMode":{"drawMode":0,"name":"Shaded","section":"Shading Mode"},"sceneLighting":false,"audioPlay":false,"sceneViewState":{"m_AlwaysRefresh":false,"showFog":true,"showSkybox":false,"showFlares":true,"showImageEffects":true,"showParticleSystems":true,"showVisualEffectGraphs":true,"m_FxEnabled":true},"in2DMode":false,"pivot":{"x":1.245619773864746,"y":2.4867024421691896,"z":-1.3177076578140259},"rotation":{"x":0.05448298901319504,"y":-0.7127377986907959,"z":0.055706802755594257,"w":0.697085440158844},"size":3.3587498664855959,"orthographic":false}