{"cameraMode":{"drawMode":0,"name":"Shaded","section":"Shading Mode"},"sceneLighting":false,"audioPlay":false,"sceneViewState":{"m_AlwaysRefresh":false,"showFog":true,"showSkybox":false,"showFlares":true,"showImageEffects":true,"showParticleSystems":true,"showVisualEffectGraphs":true,"m_FxEnabled":true},"in2DMode":false,"pivot":{"x":4.084831237792969,"y":0.13823379576206208,"z":-11.430458068847657},"rotation":{"x":-0.001054369262419641,"y":-0.7113347053527832,"z":-0.0010668946197256446,"w":0.7028489112854004},"size":1.3153926134109498,"orthographic":true}