{"cameraMode":{"drawMode":0,"name":"Shaded","section":"Shading Mode"},"sceneLighting":true,"audioPlay":false,"sceneViewState":{"m_AlwaysRefresh":false,"showFog":true,"showSkybox":true,"showFlares":true,"showImageEffects":true,"showParticleSystems":true,"showVisualEffectGraphs":true,"m_FxEnabled":true},"in2DMode":false,"pivot":{"x":4.9961042404174809,"y":29.76997184753418,"z":-67.69489288330078},"rotation":{"x":-0.2551417648792267,"y":0.0107294712215662,"z":-0.0028316788375377657,"w":-0.9668362140655518},"size":1.9169905185699463,"orthographic":false}